
INSERT INTO pessoa VALUES
('Victor', 'Mello', '59755065571', '1992-11-26', '{victor@dominio.com.br}') ,
('Calebe', 'Lessa', '06440846264', '1975-09-26', '{calebe@dominio.com.br}') ,
('Maria', 'Oliveira', '76883914900', '1955-04-27', '{mariaclara@dominio.com.br}') ,
('Bernardo', 'Maximus', '20419777601', '1951-12-17', '{bernardo@dominio.com.br}') ,
('Michael', 'Pereira', '49864555324', '1971-06-29', '{michael@dominio.com.br}') ,
('Leonardo', 'Neves', '83092562801', '1992-08-24', '{leonardo@dominio.com.br}') ,
('Emanuela', 'Bernardes', '37902979848', '1996-12-31', '{emanuela@dominio.com.br}') ,
('Felipe', 'Mello', '18259837633', '1965-01-31', '{felipe@dominio.com.br}') ,
('Felipe', 'Moreira', '94464054161', '1958-01-22', '{felipe@dominio.com.br}') ,
('Alexandre', 'Costa', '43764801697', '1990-06-23', '{alexandre@dominio.com.br}') ,
('alana', 'Novais', '61734790105', '1970-06-04', '{alana@dominio.com.br}') ,
('Gabriel', 'Frias', '72667155394', '1968-07-28', '{gabriel@dominio.com.br}') ,
('Ana', 'Moraes', '66805737850', '1978-06-28', '{anabeatriz@dominio.com.br}') ,
('Emanuelle', 'Ribeiro', '11353071057', '1988-06-08', '{emanuelle@dominio.com.br}') ,
('Zoe', 'Manoela', '09216059788', '1968-04-30', '{zoe@dominio.com.br}') ,
('Matheus', 'Menezzes', '22408810035', '1955-07-13', '{matheus@dominio.com.br}') ,
('Sara', 'Batista', '87125817394', '1992-07-11', '{sara@dominio.com.br}') ,
('Danilo', 'Figueira', '69222654676', '1952-01-03', '{danilo@dominio.com.br}') ,
('Rafael', 'Garcia', '53681043752', '1992-02-07', '{rafael@dominio.com.br}') ,
('Belinda', 'Monteiro', '89542169353', '1964-09-09', '{belinda@dominio.com.br}') ,
('Daniel', 'Campos', '53903040550', '1977-10-25', '{daniel@dominio.com.br}') ,
('Marina', 'Soares', '92438910658', '1980-05-06', '{marina@dominio.com.br}') ,
('Isabelly', 'Oliveira', '67237908391', '1970-05-06', '{isabelly@dominio.com.br}');

INSERT INTO endereco VALUES
(1, 'Av.Pombo Rocha', 'Jabutiana', '69920000', 'RioBranco', 'AC') ,
(2, 'Rua dos Amigos', 'Hermanita', '78480000', 'Cuiabá', 'MT') ,
(3, 'Av.Santiago João', 'Rocha', '57099000', 'Maceió', 'AL') ,
(4, 'Av.Espirito Santo', 'Tuniciano', '69000000', 'Manaus', 'AM') ,
(5, 'Rua Negada Doida', 'Maral', '68914000', 'Macapá', 'AP') ,
(6, 'Av.Thiago Potter', 'Conjuto B', '59000000', 'Natal', 'RN') ,
(7, 'Rua Entulhos Pretos', 'Rocha Dura', '66999000', 'Belém', 'PA') ,
(8, 'Rua Dez Carmerindo', 'Conjuto A', '49099000', 'Aracaju', 'SE') ,
(9, 'Rua Horizonte', 'Doze', '69339000', 'BoaVista', 'RR') ,
(10, 'Rua João Gabriel', 'Principal', '68914000', 'Macapá', 'AP') ,
(11, 'Av.Pombo Amaro', 'Fontina', '82999000', 'Curitiba', 'PR'),
(12, 'Rua Canal Redondo', 'Pedro II', '66999000', 'Belém', 'PA') ,
(13, 'Av.Dom Pedro II', 'Conjunto C', '65099000', 'SãoLuiz', 'MA') ,
(14, 'Av.Sergipe Cornelios', 'Maionar', '64099000', 'Teresina', 'PI') ,
(15, 'Av.Vin Diesel', 'Vindieselândia', '82999000', 'Curitiba', 'PR') ;

INSERT INTO mora VALUES
(444001, 231, 4 ,'59755065571'),
(444002, 12 , 1 ,'76883914900'),
(444003, 86 , 7 ,'49864555324'),
(444004, 45 , 9 ,'37902979848'),
(444005, 456, 15,'94464054161'),
(444006, 123, 11,'61734790105'),
(444007, 23 , 3 ,'66805737850'),
(444008, 164, 2 ,'09216059788'),
(444009, 774, 9 ,'87125817394'),
(444010, 24 , 8 ,'89542169353'),
(444011, 168, 12,'92438910658'),
(444012, 14 , 10,'20419777601'),
(444013, 64 , 14,'72667155394'),
(444014, 33 , 14,'11353071057'),
(444015, 146, 5 ,'22408810035'),
(444016, 94 , 13,'69222654676'),
(444017, 51 , 13,'53681043752'),
(444018, 566, 7 ,'43764801697'),
(444019, 45 , 1 ,'06440846264'),
(444020, 411, 5 ,'18259837633'),
(444021, 76 , 6 ,'83092562801'),
(444022, 203, 8 ,'67237908391'),
(444023, 568, 1 ,'53903040550');

INSERT INTO cliente VALUES
( 2018000010 , '59755065571' ),
( 2018000020 , '76883914900' ),
( 2018000030 , '49864555324' ),
( 2018000040 , '37902979848' ),
( 2018000050 , '94464054161' ),
( 2018000060 , '61734790105' ),
( 2018000070 , '09216059788' ),
( 2018000080 , '87125817394' ),
( 2018000090 , '89542169353' ),
( 2018000100 , '92438910658' ),
( 2018000110 , '20419777601' ),
( 2018000120 , '72667155394' ),
( 2018000130 , '11353071057' ),
( 2018000140 , '22408810035' ),
( 2018000150 , '69222654676' ),
( 2018000160 , '53681043752' ),
( 2018000170 , '43764801697' ),
( 2018000180 , '06440846264' ),
( 2018000190 , '83092562801' ),
( 2018000200 , '67237908391' ),
( 2018000210 , '53903040550' );

INSERT INTO funcionario VALUES
(999001 ,'Atendendo' ,1350.59 ,'59755065571'),
(999002 ,'Atendendo' ,1350.59 ,'94464054161'),
(999003 ,'Atendendo' ,1350.59 ,'09216059788'),
(999004 ,'Estoquista' ,1111.11 ,'92438910658'),
(999005 ,'Estoquista' ,1111.11 ,'18259837633'),
(999006 ,'Gerente' ,2675.66 ,'22408810035'),
(999007 ,'Entregador' ,1666.66  ,'20419777601'),
(999008 ,'Entregador' ,1666.66 ,'76883914900'),
(999009 ,'Recursos Humanos' ,1985.47 ,'66805737850'),
(999011 ,'Vendedor' ,1498.98 ,'61734790105'),
(999012 ,'Vendedor' ,1498.98 ,'89542169353'),
(999013 ,'Vendedor' ,1498.98 ,'69222654676');

INSERT INTO flor VALUES
(10 ,'Dorotheanthus bellidiformis','Ficóide','COLORIDA',3.50),
(20 ,'Rosa agrestis','Rosa agrestis','BRANCA',5.50),
(30 ,'Rosa canina','Rosa canina','ROSA',4.30),
(40 ,'Rosa multiflora','Rosa multiflora','BRANCA',4.10),
(50 ,'Rosa rubiginosa','Rosa rubiginosa','ROSA',3.80),
(60 ,'Deutzia gracilis','Deutzia-elegante','BRANCA',4.0),
(70 ,'Gazania rigens','Gazânia','AMARELA',2.60),
(80 ,'Gaillardia x grandiflora','Gailárdia','AMARELA e VERMELHO',6.0),
(90 ,'Rosa x grandiflora','Rosa-arbustiva','ROSA',7.50),
(100 ,'Lobularia maritima','Flor-de-mel','BRANCA',5.80),
(110 ,'Cichorium intybus','Almeirão','LILÁS',6.50),
(120 ,'Viola x wittrockiana','Amor-perfeito','PRETA e ROXA',7.0),
(130 ,'Viola tricolor','Mini-amor-perfeito','LILÁS e BRANCA',7.20),
(140 ,'Angelonia angustifolia','Angelônia','BRANCA e ROXA',4.30),
(150 ,'Aquilegia vulgaris','Aquilégia','Roxa',2.90),
(160 ,'Dianthus chinensis','Cravina','BRANCA e LILÁS',8.50),
(170 ,'Coreopsis lanceolata','Margaridinha-amarela','AMARELA',7.0),
(180 ,'Clematis x hybrida','Clemátis','VINHO',5.80),
(190 ,'acquemontia pentanthos','Céu-azul','AZUL',2.50),
(200 ,'Centaurea cyanus','Centáurea','BRANCA',4.20),
(210 ,'Matricaria recutita','Camomila','BRANCA e AMARELA',5.75),
(220 ,'Convolvulus tricolor',' Bela-manhã','BRANCA e LILÁS',6.90),
(230 ,'Canna x generalis','Bananeirinha-de-jardim','AMARELA',9.80),
(240 ,'Alstroemeria hybrida','Lírio-de-luna','ROSA',8.50),
(250 ,'Callistephus chinensis',' Rainha-margarida','ROSA',9.10),
(260 ,'Digitalis Purpurea','Campainha','ROSA',8.25),
(270 ,'Cinerária','Rosa','BRANCA e ROSA',10.0),
(280 ,'Camélia','Rosa','ROSA',9.50);

INSERT INTO embalagem VALUES
(1 ,'Laço Simples cortesia', 0.0),
(2 ,'Caixa Para Buquê em Acrílico Transparente', 70.0),
(3 ,'Embalagem metalizada em plástico', 15.0),
(4 ,'Cilindro justo decorado em perolas', 100.0),
(5 ,'Laço vermelho G', 15.0),
(6 ,'Laço vermelho M', 10.0),
(7 ,'Laço vermelho P', 5.0),
(8 ,'Laço amarela G', 15.0),
(9,'Laço amarela M', 10.0),
(10,'Laço amarela P', 5.0),
(11,'Laço branco G', 15.0),
(12,'Laço branco M', 10.0),
(13,'Laço branco P', 5.0),
(14,'Laço rosa G', 15.0),
(15,'Laço rosa M', 10.0),
(16,'Laço rosa P', 5.0),
(17,'Jarro de argila artesanal P', 25.0),
(18,'Jarro de argila artesanal M', 40.0),
(19,'Jarro de argila artesanal G', 55.0),
(20,'Cesta artesanal P', 20.0),
(21,'Cesta artesanal M', 35.0),
(22,'Cesta artesanal G', 50.0),
(23,'Vazo de mesa em vidro Transparente', 150.0);

INSERT INTO produto VALUES
( 333001 , 20 , 1 , 15 , 82.5 ),
( 333002 , 10 , 1 , 15 , 52.5 ),
( 333003 , 30 , 1 , 15 , 64.5 ),
( 333004 , 40 , 2 , 15 , 131.5 ),
( 333005 , 50 , 3 , 15 , 72.0 ),
( 333006 , 60 , 4 , 15 , 60.0 ),
( 333007 , 70 , 5 , 15 , 139.0 ),
( 333008 , 80 , 6 , 15 , 105.0 ),
( 333009 , 90 , 7 , 15 , 122.5 ),
( 333010 , 100 , 8 , 15 , 92.0 ),
( 333011 , 110 , 9 , 15 , 112.5 ),
( 333012 , 120 , 10 , 15 , 115.0 ),
( 333013 , 130 , 11 , 15 , 113.0 ),
( 333014 , 140 , 12 , 15 , 79.5 ),
( 333015 , 150 , 13 , 15 , 53.5 ),
( 333016 , 160 , 14 , 15 , 132.5 ),
( 333017 , 170 , 15 , 15 , 120.0 ),
( 333018 , 180 , 16 , 15 , 97.0 ),
( 333019 , 190 , 17 , 15 , 42.5 ),
( 333020 , 200 , 18 , 15 , 88.0 ),
( 333021 , 210 , 19 , 15 , 126.25 ),
( 333022 , 220 , 20 , 15 , 158.5 ),
( 333023 , 230 , 21 , 15 , 147.0 ),
( 333024 , 240 , 22 , 15 , 127.5 ),
( 333025 , 250 , 23 , 15 , 136.5 );

INSERT INTO pedido VALUES
( 666001 , 1 , 333017 , 120.0 ),
( 666002 , 2 , 333012 , 230.0 ),
( 666003 , 1 , 333016 , 132.5 ),
( 666004 , 1 , 333025 , 136.5 ),
( 666006 , 4 , 333004 , 526.0 ),
( 666007 , 1 , 333016 , 132.5 ),
( 666008 , 2 , 333002 , 105.0 ),
( 666009 , 1 , 333011 , 112.5 ),
( 666010 , 1 , 333016 , 132.5 ),
( 666011 , 1 , 333018 , 97.0 ),
( 666012 , 2 , 333016 , 265.0 ),
( 666013 , 1 , 333008 , 105.0 ),
( 666014 , 7 , 333014 , 556.5 ),
( 666015 , 3 , 333005 , 216.0 ),
( 666016 , 9 , 333023 , 1323.0 ),
( 666017 , 2 , 333016 , 265.0 ),
( 666018 , 1 , 333022 , 158.5 ),
( 666019 , 1 , 333001 , 82.5 ),
( 666020 , 7 , 333014 , 556.5 ),
( 666021 , 3 , 333003 , 193.5 ),
( 666022 , 5 , 333023 , 735.0 ),
( 666023 , 2 , 333016 , 265.0 ),
( 666024 , 1 , 333022 , 158.5 ),
( 666025 , 2 , 333002 , 105.0 ),
( 666026 , 1 , 333011 , 112.5 ),
( 666027 , 1 , 333016 , 132.5 ),
( 666028 , 1 , 333005 , 72.0 ),
( 666029 , 2 , 333016 , 265.0 ),
( 666030 , 1 , 333008 , 105.0 ),
( 666031 , 7 , 333014 , 556.5 ),
( 666032 , 3 , 333005 , 216.0 ),
( 666033 , 9 , 333004 , 1183.5 ),
( 666034 , 2 , 333016 , 265.0 ),
( 666035 , 1 , 333022 , 158.5 ),
( 666036 , 1 , 333008 , 105.0 ),
( 666037 , 7 , 333004 , 920.5 ),
( 666038 , 3 , 333001 , 247.5 ),
( 666039 , 5 , 333007 , 695.0 ),
( 666040 , 2 , 333016 , 265.0 );

INSERT INTO pedido_cliente VALUES
( 2018000010 , 666001 ),
( 2018000020 , 666002 ),
( 2018000030 , 666003 ),
( 2018000040 , 666004 ),
( 2018000050 , 666027 ),
( 2018000060 , 666006 ),
( 2018000070 , 666007 ),
( 2018000080 , 666008 ),
( 2018000090 , 666009 ),
( 2018000100 , 666010 ),
( 2018000110 , 666011 ),
( 2018000120 , 666012 ),
( 2018000130 , 666013 ),
( 2018000140 , 666014 ),
( 2018000150 , 666015 ),
( 2018000160 , 666016 ),
( 2018000170 , 666017 ),
( 2018000180 , 666018 ),
( 2018000190 , 666019 ),
( 2018000210 , 666020 ),
( 2018000100 , 666021 ),
( 2018000120 , 666022 ),
( 2018000130 , 666023 ),
( 2018000200 , 666024 ),
( 2018000010 , 666025 ),
( 2018000050 , 666026 ),
( 2018000090 , 666028 ),
( 2018000060 , 666029 ),
( 2018000090 , 666030 ),
( 2018000010 , 666031 ),
( 2018000160 , 666032 ),
( 2018000170 , 666033 ),
( 2018000180 , 666034 ),
( 2018000190 , 666035 ),
( 2018000190 , 666036 ),
( 2018000210 , 666037 ),
( 2018000100 , 666038 ),
( 2018000120 , 666039 ),
( 2018000130 , 666040 );

INSERT INTO venda VALUES
	( 111001, 2018000010, 999011, '2018-01-21', 444001 ),
	( 111002, 2018000020, 999012, '2018-02-06', null ),
	( 111003, 2018000030, 999013, '2018-08-15', 444003 ),
	( 111004, 2018000040, 999011, '2018-05-21', 444004 ),
	( 111005, 2018000050, 999011, '2018-05-17', null ),
	( 111006, 2018000060, 999013, '2017-09-01', 444006 ),
	( 111007, 2018000070, 999013, '2018-05-21', null ),
	( 111008, 2018000080, 999011, '2018-06-11', 444009 ),
	( 111009, 2018000090, 999012, '2018-05-25', 444010 ),
	( 111010, 2018000100, 999011, '2018-01-21', null ),
	( 111011, 2018000110, 999012, '2018-05-07', null ),
	( 111012, 2018000120, 999012, '2018-08-21', null ),
	( 111013, 2018000130, 999012, '2018-05-21', 444014 ),
	( 111014, 2018000040, 999011, '2018-11-28', 444004 ),
	( 111015, 2018000150, 999013, '2018-09-21', null ),
	( 111016, 2018000160, 999013, '2017-09-01', 444017 ),
	( 111017, 2018000170, 999013, '2018-05-21', 444018 ),
	( 111018, 2018000180, 999011, '2018-06-11', 444019 ),
	( 111019, 2018000190, 999012, '2018-05-25', null ),
	( 111020, 2018000200, 999011, '2018-01-21', 444022 ),
	( 111021, 2018000210, 999012, '2018-05-07', null );

INSERT INTO entrega VALUES

( 1570001, 444001, 111001, '2018-02-16' ),
( 1570002, 444003, 111003, '2018-08-29' ),
( 1570003, 444004, 111004, '2018-06-21' ),
( 1570004, 444006, 111006, '2017-10-04' ),
( 1570005, 444009, 111008, '2018-07-18' ),
( 1570006, 444010, 111009, '2018-06-28' ),
( 1570007, 444014, 111013, '2018-06-26' ),
( 1570008, 444004, 111014, '2018-12-29' ),
( 1570009, 444017, 111016, '2017-10-08' ),
( 1570010, 444018, 111017, '2018-06-27' ),
( 1570011, 444019, 111018, '2018-07-10' ),
( 1570012, 444022, 111020, '2018-02-25' );